{"cameraMode":{"drawMode":0,"name":"Shaded","section":"Shading Mode"},"sceneLighting":true,"audioPlay":false,"sceneViewState":{"showFog":true,"showMaterialUpdate":false,"showSkybox":true,"showFlares":true,"showImageEffects":true,"showParticleSystems":true},"in2DMode":false,"pivot":{"x":-75.63634490966797,"y":-23.526409149169923,"z":3.184659242630005},"rotation":{"x":0.1351182758808136,"y":-0.6982770562171936,"z":0.13683465123176576,"w":0.6895132660865784},"size":89.93920135498047,"orthographic":false}