{"cameraMode":{"drawMode":0,"name":"Shaded","section":"Shading Mode"},"sceneLighting":true,"audioPlay":false,"sceneViewState":{"showFog":true,"showMaterialUpdate":false,"showSkybox":true,"showFlares":true,"showImageEffects":true,"showParticleSystems":true},"in2DMode":false,"pivot":{"x":-66.6182861328125,"y":-7.769807815551758,"z":4.222443580627441},"rotation":{"x":0.09740427881479263,"y":-0.6667448282241821,"z":0.08853080868721008,"w":0.7335708141326904},"size":55.44777297973633,"orthographic":false}