{"cameraMode":{"drawMode":0,"name":"Shaded","section":"Shading Mode"},"sceneLighting":true,"audioPlay":false,"sceneViewState":{"showFog":true,"showMaterialUpdate":false,"showSkybox":true,"showFlares":true,"showImageEffects":true,"showParticleSystems":true},"in2DMode":false,"pivot":{"x":-10.91671371459961,"y":-1.00537109375,"z":3.227261543273926},"rotation":{"x":0.14754115045070649,"y":-0.5514688491821289,"z":0.09983927011489868,"w":0.814951479434967},"size":7.783947944641113,"orthographic":false}